name,score,average_slope,IssueComment,openIssue,openPR,ReviewComment,mergePR
clashX,7.482471466064452,0.08343105256142222,0.02250023214326983,1.713588749051926e-09,0.1925147791874137,0.2020686539674903,7.159579534855199e-05
mastodon,33.67319107055664,0.9580964181187308,0.24606245331887927,0.3435578158861478,1.5361771094244534,0.6281810280087415,2.0365036839554316
wiki,56.65992736816406,1.30212070553,0.3493557501468146,0.0003262128510205139,2.95766671854195,1.3023802212701243,1.9008746248400907
minio,86.20573043823242,2.558243054455241,2.259475552994973,2.000823553009327,3.279386456017029,2.28277427112812,2.9687554391267557
nocodb,93.07479858398438,4.731121911619519,5.391146306378383,4.867950425802544,4.929252220879721,3.717699392215886,4.749561212821065
logseq,94.69812393188477,3.7438790701173383,3.2335954594297944,4.176507513244095,3.645304176761111,3.7521935946675837,3.9117946064841056
TDengine,94.90882873535156,3.4730573842659824,3.733434242726507,4.3093656545920895,3.4064662981332967,2.5230149389493537,3.3930057869286627
grafana,97.4344253540039,4.703098825387257,5.072684986761772,4.302991288050042,4.660109101900443,4.45864139870137,5.021067351522661
